Company,City
Intel,Vancouver
Intel,San Jose
Intel,Denver
Intel,Bangalore
Intel,Moscow
Intel,Hudson
Intel,Bengaluru
Intel,Shanghai
Intel,Chandler
Intel,San Diego
Intel,Oregon
Intel,Oregon City
Intel,Hsin-chu
Intel,Berlin
Intel,Tampa
Intel,Portland
Intel,Seattle
Intel,Boulder
Intel,Fort Collins
Intel,Petach Tikva
Intel,Folsom
Intel,Albuquerque
Intel,Gdansk
Intel,Arizona City
Intel,San Francisco
Intel,Munich
Intel,Rio Rancho
Intel,Beijing
Intel,Santa Clarita
Intel,Haifa
Intel,Beaverton
Intel,Jerusalem
Intel,Sacramento
Intel,Santa Clara
Intel,Tel Aviv
Intel,Boston
Intel,Taipei
Intel,Sunnyvale
Intel,Toronto
Intel,Austin
Intel,Bellevue
Intel,Guadalajara
Intel,Hillsboro
Intel,Dublin
Intel,Leixlip
Intel,Sacramento
Intel,Irvine
Intel,Hillsboro
Intel,Phoenix
Intel,London
Cisco,Ann Arbor
Cisco,Gurgaon
Cisco,Lille
Cisco,Chennai
Cisco,Chicago
Cisco,San Francisco
Cisco,Jacksonville
Cisco,Alpharetta
Cisco,Taipei
Cisco,Durham
Cisco,Hong Kong
Cisco,Indianapolis
Cisco,Orlando
Cisco,Galway
Cisco,Denver
Cisco,Atlanta
Cisco,Prague
Cisco,San Diego
Cisco,Nanjing
Cisco,Doha
Cisco,New York Mills
Cisco,Quebec
Cisco,Boise
Cisco,Tel Aviv
Cisco,Sunnyvale
Cisco,Milpitas
Cisco,Washington
Cisco,Dublin
Cisco,Zurich
Cisco,Herndon
Cisco,Phoenix
Cisco,Calgary
Cisco,Waltham
Cisco,Bengaluru
Cisco,Morrisville
Cisco,Fulton
Cisco,Cambridge
Cisco,Seattle
Cisco,Portland
Cisco,Sydney
Cisco,Palo Alto
Cisco,Los Altos
Cisco,Brussels
Cisco,Raleigh
Cisco,Oslo
Cisco,Edmonton
Cisco,Edinburgh
Cisco,Austin
Cisco,Madrid
Cisco,Fairfield
Cisco,Irvine
Cisco,Vancouver
Cisco,San Jose
Cisco,Ottawa
Cisco,San Marcos
Cisco,Singapore
Cisco,Bangalore
Cisco,Richardson
Cisco,Paris
Cisco,Riyadh
Cisco,Cary
Cisco,Columbia
Cisco,Delhi
Cisco,Feltham
Cisco,Lausanne
Cisco,Jersey City
Cisco,Los Angeles
Cisco,Philadelphia
Cisco,Istanbul
Cisco,Boxborough
Cisco,Grand Rapids
Cisco,New York
Cisco,Dallas
Cisco,Santa Clara
Cisco,Boston
Cisco,Tempe
Cisco,Barcelona
Cisco,Bellevue
Cisco,Kanata
Cisco,Miami
Cisco,Toronto
Cisco,London
IBM,Foster City
IBM,Ann Arbor
IBM,Gurgaon
IBM,New City
IBM,Irving
IBM,Columbus
IBM,Chicago
IBM,San Jose
IBM,Canberra
IBM,San Francisco
IBM,Bratislava
IBM,Taipei
IBM,Stockholm
IBM,Durham
IBM,Montreal
IBM,Winchester
IBM,Galway
IBM,Denver
IBM,Ireland
IBM,Atlanta
IBM,Shanghai
IBM,Cologne
IBM,Hyderabad
IBM,Atlanta
IBM,Vancouver
IBM,Bucharest
IBM,Charlotte
IBM,Halifax
IBM,Rochester
IBM,Tel Aviv
IBM,Baton Rouge
IBM,Tucson
IBM,Sunnyvale
IBM,Washington
IBM,Hopewell Junction
IBM,Guadalajara
IBM,Charleston
IBM,Dublin
IBM,Columbia
IBM,Lima
IBM,Zurich
IBM,Pittsburgh
IBM,Cambridge
IBM,Calgary
IBM,Traverse City
IBM,New Delhi
IBM,Campinas
IBM,Bengaluru
IBM,Madison
IBM,Cambridge
IBM,Dublin
IBM,Portland
IBM,Seattle
IBM,Des Moines
IBM,Littleton
IBM,St. Louis
IBM,Sindelfingen
IBM,Sydney
IBM,Beijing
IBM,Palo Alto
IBM,Dubai
IBM,Colorado Springs
IBM,Plano
IBM,Mumbai
IBM,Cincinnati
IBM,Costa Mesa
IBM,Reston
IBM,Melbourne
IBM,Yorktown Heights
IBM,Raleigh
IBM,Denver City
IBM,Stuttgart
IBM,Toronto
IBM,Austin
IBM,Nice
IBM,Budapest
IBM,Burlington
IBM,Vancouver
IBM,San Jose
IBM,Ottawa
IBM,Windsor
IBM,Markham
IBM,Brazil
IBM,Bangalore
IBM,Moscow
IBM,Bielefeld
IBM,Paris
IBM,San Antonio
IBM,Singapore
IBM,Delhi
IBM,Manchester
IBM,Armonk
IBM,Vilnius
IBM,Seoul
IBM,Boulder
IBM,Los Angeles
IBM,Philadelphia
IBM,St. Petersburg
IBM,Haifa
IBM,New York
IBM,Emeryville
IBM,Dallas
IBM,Cochin
IBM,Kansas City
IBM,Boston
IBM,Cleveland
IBM,Fredericton
IBM,Barcelona
IBM,Poughkeepsie
IBM,Islamabad
IBM,Southbury
IBM,Manhattan
IBM,Bowling Green
IBM,Houston
IBM,Miami
IBM,Cluj-Napoca
IBM,Phoenix
IBM,London
